{
  "camera_matrix": [
    [
      60219.301814272934,
      0.0,
      1725.1352003992595
    ],
    [
      0.0,
      93032.73821782455,
      1750.0877495163538
    ],
    [
      0.0,
      0.0,
      1.0
    ]
  ],
  "dist_coeffs": [
    [
      -64.28741220080474,
      7093.23553684618,
      -0.5422083078298304,
      -0.552380071837803,
      1.2007847720698543
    ]
  ],
  "image_size": [
    2448,
    2048
  ],
  "reprojection_error": 3.1497988985737315
}